{
	"credit": "Made by ConanOtaku4869",
	"parent": "wild:entity/fire_fly/0",
	"elements": [
		{
			"from": [7, 0, 8],
			"to": [9, 1, 8],
			"faces": {
				"north": {"uv": [8, 8, 16, 16], "texture": "#0"},
				"east": {"uv": [0, 0, 0, 1], "texture": "#missing"},
				"south": {"uv": [16, 8, 8, 16], "texture": "#0"},
				"west": {"uv": [0, 0, 0, 1], "texture": "#missing"},
				"up": {"uv": [0, 0, 2, 0], "texture": "#missing"},
				"down": {"uv": [0, 0, 2, 0], "texture": "#missing"}
			}
		}
	]
}