{
	"parent": "item/generated",
	"textures":{
		"layer0": "item/glow_item_frame"
	},
	"overrides": [
		{"predicate": {"custom_model_data": 1}, "model": "item/sculk_sensor"},
		{"predicate": {"custom_model_data": 2}, "model": "wild:block/sculk_shrieker"},
		{"predicate": {"custom_model_data": 3}, "model": "wild:block/sculk_catalyst"},
		{"predicate": {"custom_model_data": 4}, "model": "wild:block/sculk_vein"},
		{"predicate": {"custom_model_data": 5}, "model": "wild:block/sculk_block"},
		{"predicate": {"custom_model_data": 7}, "model": "wild:block/frame_block"},
		{"predicate": {"custom_model_data": 20}, "model": "wild:custom/sculk_soul/10"},
		{"predicate": {"custom_model_data": 22}, "model": "wild:custom/sculk_soul/9"},
		{"predicate": {"custom_model_data": 24}, "model": "wild:custom/sculk_soul/8"},
		{"predicate": {"custom_model_data": 26}, "model": "wild:custom/sculk_soul/7"},
		{"predicate": {"custom_model_data": 28}, "model": "wild:custom/sculk_soul/6"},
		{"predicate": {"custom_model_data": 30}, "model": "wild:custom/sculk_soul/5"},
		{"predicate": {"custom_model_data": 32}, "model": "wild:custom/sculk_soul/4"},
		{"predicate": {"custom_model_data": 34}, "model": "wild:custom/sculk_soul/3"},
		{"predicate": {"custom_model_data": 36}, "model": "wild:custom/sculk_soul/2"},
		{"predicate": {"custom_model_data": 38}, "model": "wild:custom/sculk_soul/1"},
		{"predicate": {"custom_model_data": 40}, "model": "wild:custom/sculk_soul/0"},
		{"predicate": {"custom_model_data": 42}, "model": "wild:block/sculk_catalyst_bloom/7"},
		{"predicate": {"custom_model_data": 44}, "model": "wild:block/sculk_catalyst_bloom/6"},
		{"predicate": {"custom_model_data": 45}, "model": "wild:block/sculk_catalyst_bloom/5"},
		{"predicate": {"custom_model_data": 46}, "model": "wild:block/sculk_catalyst_bloom/4"},
		{"predicate": {"custom_model_data": 47}, "model": "wild:block/sculk_catalyst_bloom/3"},
		{"predicate": {"custom_model_data": 48}, "model": "wild:block/sculk_catalyst_bloom/2"},
		{"predicate": {"custom_model_data": 49}, "model": "wild:block/sculk_catalyst_bloom/1"},
		{"predicate": {"custom_model_data": 50}, "model": "wild:block/sculk_catalyst_bloom/0"},
		{"predicate": {"custom_model_data": 51}, "model": "wild:block/sculk_vein_large"},
		{"predicate": {"custom_model_data": 52}, "model": "wild:custom/shriek"},
		{"predicate": {"custom_model_data": 53}, "model": "wild:custom/shriek2"},
		{"predicate": {"custom_model_data": 60}, "model": "wild:entity/warden/normal/head"},
		{"predicate": {"custom_model_data": 61}, "model": "wild:entity/warden/normal/body"},
		{"predicate": {"custom_model_data": 62}, "model": "wild:entity/warden/normal/arm_l"},
		{"predicate": {"custom_model_data": 63}, "model": "wild:entity/warden/normal/arm_r"},
		{"predicate": {"custom_model_data": 64}, "model": "wild:entity/warden/normal/leg_l"},
		{"predicate": {"custom_model_data": 65}, "model": "wild:entity/warden/normal/leg_r"},
		{"predicate": {"custom_model_data": 66}, "model": "wild:entity/warden/hurt/head"},
		{"predicate": {"custom_model_data": 67}, "model": "wild:entity/warden/hurt/body"},
		{"predicate": {"custom_model_data": 68}, "model": "wild:entity/warden/hurt/arm_l"},
		{"predicate": {"custom_model_data": 69}, "model": "wild:entity/warden/hurt/arm_r"},
		{"predicate": {"custom_model_data": 70}, "model": "wild:entity/warden/hurt/leg_l"},
		{"predicate": {"custom_model_data": 71}, "model": "wild:entity/warden/hurt/leg_r"},
		{"predicate": {"custom_model_data": 100}, "model": "wild:entity/fire_fly/0"},
		{"predicate": {"custom_model_data": 101}, "model": "wild:entity/fire_fly/1"},
		{"predicate": {"custom_model_data": 102}, "model": "wild:entity/fire_fly/2"},
		{"predicate": {"custom_model_data": 103}, "model": "wild:entity/fire_fly/3"},
		{"predicate": {"custom_model_data": 551}, "model": "wild:entity/tadpole/body"},
		{"predicate": {"custom_model_data": 552}, "model": "wild:entity/tadpole/tail"},
		{"predicate": {"custom_model_data": 553}, "model": "wild:entity/tadpole/body_hurt"},
		{"predicate": {"custom_model_data": 554}, "model": "wild:entity/tadpole/tail_hurt"},
		{"predicate": {"custom_model_data": 600}, "model": "wild:entity/frog/swamp/head"},
		{"predicate": {"custom_model_data": 601}, "model": "wild:entity/frog/swamp/body"},
		{"predicate": {"custom_model_data": 602}, "model": "wild:entity/frog/swamp/arm_r"},
		{"predicate": {"custom_model_data": 603}, "model": "wild:entity/frog/swamp/arm_l"},
		{"predicate": {"custom_model_data": 604}, "model": "wild:entity/frog/swamp/leg_r"},
		{"predicate": {"custom_model_data": 605}, "model": "wild:entity/frog/swamp/leg_l"},
		{"predicate": {"custom_model_data": 606}, "model": "wild:entity/frog/swamp_hurt/head"},
		{"predicate": {"custom_model_data": 607}, "model": "wild:entity/frog/swamp_hurt/body"},
		{"predicate": {"custom_model_data": 608}, "model": "wild:entity/frog/swamp_hurt/arm_r"},
		{"predicate": {"custom_model_data": 609}, "model": "wild:entity/frog/swamp_hurt/arm_l"},
		{"predicate": {"custom_model_data": 610}, "model": "wild:entity/frog/swamp_hurt/leg_r"},
		{"predicate": {"custom_model_data": 611}, "model": "wild:entity/frog/swamp_hurt/leg_l"},
		{"predicate": {"custom_model_data": 620}, "model": "wild:entity/frog/snowy/head"},
		{"predicate": {"custom_model_data": 621}, "model": "wild:entity/frog/snowy/body"},
		{"predicate": {"custom_model_data": 622}, "model": "wild:entity/frog/snowy/arm_r"},
		{"predicate": {"custom_model_data": 623}, "model": "wild:entity/frog/snowy/arm_l"},
		{"predicate": {"custom_model_data": 624}, "model": "wild:entity/frog/snowy/leg_r"},
		{"predicate": {"custom_model_data": 625}, "model": "wild:entity/frog/snowy/leg_l"},
		{"predicate": {"custom_model_data": 626}, "model": "wild:entity/frog/snowy_hurt/head"},
		{"predicate": {"custom_model_data": 627}, "model": "wild:entity/frog/snowy_hurt/body"},
		{"predicate": {"custom_model_data": 628}, "model": "wild:entity/frog/snowy_hurt/arm_r"},
		{"predicate": {"custom_model_data": 629}, "model": "wild:entity/frog/snowy_hurt/arm_l"},
		{"predicate": {"custom_model_data": 630}, "model": "wild:entity/frog/snowy_hurt/leg_r"},
		{"predicate": {"custom_model_data": 631}, "model": "wild:entity/frog/snowy_hurt/leg_l"},
		{"predicate": {"custom_model_data": 640}, "model": "wild:entity/frog/tropical/head"},
		{"predicate": {"custom_model_data": 641}, "model": "wild:entity/frog/tropical/body"},
		{"predicate": {"custom_model_data": 642}, "model": "wild:entity/frog/tropical/arm_r"},
		{"predicate": {"custom_model_data": 643}, "model": "wild:entity/frog/tropical/arm_l"},
		{"predicate": {"custom_model_data": 644}, "model": "wild:entity/frog/tropical/leg_r"},
		{"predicate": {"custom_model_data": 645}, "model": "wild:entity/frog/tropical/leg_l"},
		{"predicate": {"custom_model_data": 646}, "model": "wild:entity/frog/tropical_hurt/head"},
		{"predicate": {"custom_model_data": 647}, "model": "wild:entity/frog/tropical_hurt/body"},
		{"predicate": {"custom_model_data": 648}, "model": "wild:entity/frog/tropical_hurt/arm_r"},
		{"predicate": {"custom_model_data": 649}, "model": "wild:entity/frog/tropical_hurt/arm_l"},
		{"predicate": {"custom_model_data": 650}, "model": "wild:entity/frog/tropical_hurt/leg_r"},
		{"predicate": {"custom_model_data": 651}, "model": "wild:entity/frog/tropical_hurt/leg_l"},
		{"predicate": {"custom_model_data": 660}, "model": "wild:entity/frog/tongue/0"},
		{"predicate": {"custom_model_data": 661}, "model": "wild:entity/frog/tongue/1"},
		{"predicate": {"custom_model_data": 662}, "model": "wild:entity/frog/tongue/2"},
		{"predicate": {"custom_model_data": 663}, "model": "wild:entity/frog/tongue/3"},
		{"predicate": {"custom_model_data": 664}, "model": "wild:entity/frog/tongue/2"},
		{"predicate": {"custom_model_data": 665}, "model": "wild:entity/frog/tongue/1"},
		{"predicate": {"custom_model_data": 666}, "model": "wild:entity/frog/tongue_hurt/0"},
		{"predicate": {"custom_model_data": 667}, "model": "wild:entity/frog/tongue_hurt/1"},
		{"predicate": {"custom_model_data": 668}, "model": "wild:entity/frog/tongue_hurt/2"},
		{"predicate": {"custom_model_data": 669}, "model": "wild:entity/frog/tongue_hurt/3"},
		{"predicate": {"custom_model_data": 670}, "model": "wild:entity/frog/tongue_hurt/2"},
		{"predicate": {"custom_model_data": 671}, "model": "wild:entity/frog/tongue_hurt/1"}
	]
}
