{
    "providers": [
        {
            "type": "bitmap",
            "file": "cogyo:font/cable.png",
            "height": 64,
            "ascent": 8,
            "chars": [
                "\u0001"
            ]
        },
        {
            "type": "bitmap",
            "file": "cogyo:font/solar_panel.png",
            "height": 64,
            "ascent": 8,
            "chars": [
                "\u0002"
            ]
        },
        {
            "type": "bitmap",
            "file": "cogyo:font/solar_power_generator.png",
            "height": 64,
            "ascent": 8,
            "chars": [
                "\u0003"
            ]
        },
        {
            "type": "bitmap",
            "file": "cogyo:font/battery.png",
            "height": 64,
            "ascent": 8,
            "chars": [
                "\u0004"
            ]
        },
        {
            "type": "bitmap",
            "file": "cogyo:font/electric_furnace.png",
            "height": 64,
            "ascent": 8,
            "chars": [
                "\u0005"
            ]
        },
        {
            "type": "bitmap",
            "file": "cogyo:font/experience_generator.png",
            "height": 64,
            "ascent": 8,
            "chars": [
                "\u0006"
            ]
        },
        {
            "type": "bitmap",
            "file": "cogyo:font/storage.png",
            "height": 64,
            "ascent": 8,
            "chars": [
                "\u0007"
            ]
        },
        {
            "type": "bitmap",
            "file": "cogyo:font/speed_hopper.png",
            "height": 64,
            "ascent": 8,
            "chars": [
                "\u0008"
            ]
        },
        {
            "type": "bitmap",
            "file": "cogyo:font/automation_core.png",
            "height": 64,
            "ascent": 8,
            "chars": [
                "\u0009"
            ]
        },
        {
            "type": "bitmap",
            "file": "cogyo:font/automatic_harvester.png",
            "height": 64,
            "ascent": 8,
            "chars": [
                "\u000b"
            ]
        },
        {
            "type": "bitmap",
            "file": "cogyo:font/spanner.png",
            "height": 64,
            "ascent": 8,
            "chars": [
                "\u000c"
            ]
        },
        {
            "type": "bitmap",
            "file": "cogyo:font/pipe.png",
            "height": 64,
            "ascent": 8,
            "chars": [
                "\u000d"
            ]
        },
        {
            "type": "bitmap",
            "file": "cogyo:font/coal_generator.png",
            "height": 64,
            "ascent": 8,
            "chars": [
                "\u000e"
            ]
        }
    ]
}