{
	"credit": "Created by ConanOtaku4869",
	"parent": "block/block",
	"textures": {
		"0": "wild:block/sculk_shrieker_side",
		"1": "wild:block/sculk_shrieker_top",
		"2": "wild:block/sculk_shrieker_inner_top",
		"3": "wild:block/sculk_shrieker_bottom",
		"particle": "wild:block/sculk_shrieker_side"
	},
	"elements": [
		{
			"name": "bottom",
			"from": [0, 0, 0],
			"to": [16, 8, 16],
			"faces": {
				"north": {"uv": [0, 8, 16, 16], "texture": "#0"},
				"east": {"uv": [0, 8, 16, 16], "texture": "#0"},
				"south": {"uv": [0, 8, 16, 16], "texture": "#0"},
				"west": {"uv": [0, 8, 16, 16], "texture": "#0"},
				"up": {"uv": [0, 0, 16, 16], "texture": "#2"},
				"down": {"uv": [0, 0, 16, 16], "texture": "#3"}
			}
		},
		{
			"name": "north",
			"from": [1, 8, 1],
			"to": [15, 16, 1],
			"faces": {
				"north": {"uv": [1, 0, 15, 8], "texture": "#0"},
				"east": {"uv": [0, 0, 1, 8], "texture": "#missing"},
				"south": {"uv": [1, 0, 15, 8], "texture": "#0"},
				"west": {"uv": [0, 0, 1, 8], "texture": "#missing"},
				"up": {"uv": [0, 0, 14, 1], "texture": "#missing"},
				"down": {"uv": [0, 0, 14, 1], "texture": "#missing"}
			}
		},
		{
			"name": "west",
			"from": [1, 8, 1],
			"to": [1, 16, 15],
			"faces": {
				"north": {"uv": [0, 0, 1, 8], "texture": "#missing"},
				"east": {"uv": [1, 0, 15, 8], "texture": "#0"},
				"south": {"uv": [0, 0, 1, 8], "texture": "#missing"},
				"west": {"uv": [1, 0, 15, 8], "texture": "#0"},
				"up": {"uv": [0, 0, 14, 1], "rotation": 270, "texture": "#missing"},
				"down": {"uv": [0, 0, 14, 1], "rotation": 90, "texture": "#missing"}
			}
		},
		{
			"name": "south",
			"from": [1, 8, 15],
			"to": [15, 16, 15],
			"faces": {
				"north": {"uv": [1, 0, 15, 8], "texture": "#0"},
				"east": {"uv": [0, 0, 1, 8], "texture": "#missing"},
				"south": {"uv": [1, 0, 15, 8], "texture": "#0"},
				"west": {"uv": [0, 0, 1, 8], "texture": "#missing"},
				"up": {"uv": [0, 0, 14, 1], "rotation": 180, "texture": "#missing"},
				"down": {"uv": [0, 0, 14, 1], "rotation": 180, "texture": "#missing"}
			}
		},
		{
			"name": "east",
			"from": [15, 8, 1],
			"to": [15, 16, 15],
			"faces": {
				"east": {"uv": [1, 0, 15, 8], "texture": "#0"},
				"west": {"uv": [1, 0, 15, 8], "texture": "#0"}
			}
		},
		{
			"name": "top",
			"from": [1, 16, 1],
			"to": [15, 16, 15],
			"faces": {
				"north": {"uv": [0, 0, 14, 0], "texture": "#missing"},
				"east": {"uv": [0, 0, 14, 0], "texture": "#missing"},
				"south": {"uv": [0, 0, 14, 0], "texture": "#missing"},
				"west": {"uv": [0, 0, 14, 0], "texture": "#missing"},
				"up": {"uv": [1, 1, 15, 15], "texture": "#1"},
				"down": {"uv": [1, 1, 15, 15], "texture": "#1"}
			}
		}
	],
	"display": {
		"head": {
			"translation": [0, -30.42, 0],
			"scale": [1.601, 1.601, 1.601]
		}
	}
}