{
	"credit": "Made by ConanOtaku4869!",
	"textures": {
		"0": "wild:entity/frog/swamp"
	},
	"elements": [
		{
			"from": [7, 0, 6.5],
			"to": [9, 3, 9.5],
			"faces": {
				"north": {"uv": [1, 11.66667, 1.66667, 12.66667], "texture": "#0"},
				"east": {"uv": [0, 11.66667, 1, 12.66667], "texture": "#0"},
				"south": {"uv": [2.66667, 11.66667, 3.33333, 12.66667], "texture": "#0"},
				"west": {"uv": [1.66667, 11.66667, 2.66667, 12.66667], "texture": "#0"},
				"up": {"uv": [1, 10.66667, 1.66667, 11.66667], "rotation": 180, "texture": "#0"},
				"down": {"uv": [1.66667, 10.66667, 2.33333, 11.66667], "texture": "#0"}
			}
		},
		{
			"from": [4, 0, 2.5],
			"to": [12, 0, 10.5],
			"faces": {
				"north": {"uv": [0, 0, 8, 0], "texture": "#missing"},
				"east": {"uv": [0, 0, 8, 0], "texture": "#missing"},
				"south": {"uv": [0, 0, 8, 0], "texture": "#missing"},
				"west": {"uv": [0, 0, 8, 0], "texture": "#missing"},
				"up": {"uv": [8.66666, 13.33333, 11.33333, 16], "rotation": 180, "texture": "#0"},
				"down": {"uv": [8.66666, 13.33333, 11.33333, 16], "rotation": 180, "texture": "#0"}
			}
		}
	],
	"display": {
		"head": {
			"translation": [0, 6.5, 0],
			"scale": [1.6, 1.6, 1.6]
		}
	}
}