{
	"credit": "Made by ConanOtaku4869!",
	"textures": {
		"0": "wild:entity/frog/swamp"
	},
	"elements": [
		{
			"from": [4.5, 0, 1],
			"to": [11.5, 3, 10],
			"faces": {
				"north": {"uv": [4, 3.33333, 6.33333, 4.33333], "texture": "#0"},
				"east": {"uv": [1, 3.33333, 4, 4.33333], "texture": "#0"},
				"south": {"uv": [9.33333, 3.33333, 11.66667, 4.33333], "texture": "#0"},
				"west": {"uv": [6.33333, 3.33333, 9.33333, 4.33333], "texture": "#0"},
				"up": {"uv": [4, 0.33333, 6.33333, 3.33333], "rotation": 180, "texture": "#0"},
				"down": {"uv": [6.33333, 0.33333, 8.66667, 3.33333], "texture": "#0"}
			}
		},
		{
			"from": [4.5, 2, 1],
			"to": [11.5, 2, 10],
			"faces": {
				"north": {"uv": [0, 0, 7, 0], "texture": "#missing"},
				"east": {"uv": [0, 0, 9, 0], "texture": "#missing"},
				"south": {"uv": [0, 0, 7, 0], "texture": "#missing"},
				"west": {"uv": [0, 0, 9, 0], "texture": "#missing"},
				"up": {"uv": [10.66667, 7.33333, 13, 10.33333], "rotation": 180, "texture": "#0"},
				"down": {"uv": [10.66667, 7.33333, 13, 10.33333], "texture": "#0"}
			}
		}
	],
	"display": {
		"head": {
			"translation": [0, 3.2, 0],
			"scale": [1.6, 1.6, 1.6]
		}
	}
}