{
	"credit": "Made by ConanOtaku4869!",
	"textures": {
		"0": "wild:entity/frog/swamp"
	},
	"elements": [
		{
			"from": [4.5, -1, 1],
			"to": [11.5, 2, 10],
			"faces": {
				"north": {"uv": [3, 7.33333, 5.33333, 8.33333], "texture": "#0"},
				"east": {"uv": [0, 7.33333, 3, 8.33333], "texture": "#0"},
				"south": {"uv": [8.33333, 7.33333, 10.66667, 8.33333], "texture": "#0"},
				"west": {"uv": [5.33333, 7.33333, 8.33333, 8.33333], "texture": "#0"},
				"up": {"uv": [3, 4.33333, 5.33333, 7.33333], "rotation": 180, "texture": "#0"},
				"down": {"uv": [5.33333, 4.33333, 7.66667, 7.33333], "texture": "#0"}
			}
		},
		{
			"from": [4.5, 2, 2],
			"to": [7.5, 4, 5],
			"faces": {
				"north": {"uv": [1, 2.66667, 2, 3.33333], "texture": "#0"},
				"east": {"uv": [0, 2.66667, 1, 3.33333], "texture": "#0"},
				"south": {"uv": [3, 2.66667, 4, 3.33333], "texture": "#0"},
				"west": {"uv": [2, 2.66667, 3, 3.33333], "texture": "#0"},
				"up": {"uv": [1, 1.66667, 2, 2.66667], "rotation": 180, "texture": "#0"},
				"down": {"uv": [2, 1.66667, 3, 2.66667], "texture": "#0"}
			}
		},
		{
			"from": [8.5, 2, 2],
			"to": [11.5, 4, 5],
			"faces": {
				"north": {"uv": [1, 1, 2, 1.66667], "texture": "#0"},
				"east": {"uv": [0, 1, 1, 1.66667], "texture": "#0"},
				"south": {"uv": [3, 1, 4, 1.66667], "texture": "#0"},
				"west": {"uv": [2, 1, 3, 1.66667], "texture": "#0"},
				"up": {"uv": [1, 0, 2, 1], "rotation": 180, "texture": "#0"},
				"down": {"uv": [2, 0, 3, 1], "texture": "#0"}
			}
		},
		{
			"from": [4.5, 1, 1],
			"to": [11.5, 1, 10],
			"faces": {
				"north": {"uv": [0, 0, 7, 0], "texture": "#missing"},
				"east": {"uv": [0, 0, 9, 0], "texture": "#missing"},
				"south": {"uv": [0, 0, 7, 0], "texture": "#missing"},
				"west": {"uv": [0, 0, 9, 0], "texture": "#missing"},
				"up": {"uv": [10.66667, 4.33333, 13, 7.33333], "rotation": 180, "texture": "#0"},
				"down": {"uv": [10.66667, 4.33333, 13, 7.33333], "texture": "#0"}
			}
		}
	],
	"display": {
		"head": {
			"translation": [0, 8, 0],
			"scale": [1.6, 1.6, 1.6]
		}
	}
}