{
	"credit": "Made by ConanOtaku4869!",
	"textures": {
		"0": "wild:entity/frog/swamp"
	},
	"elements": [
		{
			"from": [6.5, 0, 6],
			"to": [9.5, 3, 10],
			"faces": {
				"north": {"uv": [1.33333, 9.66667, 2.33334, 10.66667], "texture": "#0"},
				"east": {"uv": [0, 9.66667, 1.33333, 10.66667], "texture": "#0"},
				"south": {"uv": [3.66667, 9.66667, 4.66666, 10.66667], "texture": "#0"},
				"west": {"uv": [2.33334, 9.66667, 3.66667, 10.66667], "texture": "#0"},
				"up": {"uv": [1.33333, 8.33334, 2.33334, 9.66667], "rotation": 180, "texture": "#0"},
				"down": {"uv": [2.33334, 8.33334, 3.33333, 9.66667], "texture": "#0"}
			}
		},
		{
			"from": [5.5, 0, 4],
			"to": [13.5, 0, 12],
			"faces": {
				"north": {"uv": [0, 0, 8, 0], "texture": "#missing"},
				"east": {"uv": [0, 0, 8, 0], "texture": "#missing"},
				"south": {"uv": [0, 0, 8, 0], "texture": "#missing"},
				"west": {"uv": [0, 0, 8, 0], "texture": "#missing"},
				"up": {"uv": [8.66666, 10.66666, 11.33333, 13.33333], "rotation": 180, "texture": "#0"},
				"down": {"uv": [8.66666, 10.66666, 11.33333, 13.33333], "rotation": 180, "texture": "#0"}
			}
		}
	],
	"display": {
		"head": {
			"translation": [0, 6.5, 0],
			"scale": [1.6, 1.6, 1.6]
		}
	}
}