{
	"credit": "Made by ConanOtaku4869!",
	"textures": {
		"0": "wild:entity/frog/swamp"
	},
	"elements": [
		{
			"from": [6.5, 0, 6],
			"to": [9.5, 3, 10],
			"faces": {
				"north": {"uv": [6, 9.66667, 7.00001, 10.66667], "texture": "#0"},
				"east": {"uv": [4.66667, 9.66667, 6, 10.66667], "texture": "#0"},
				"south": {"uv": [8.33334, 9.66667, 9.33333, 10.66667], "texture": "#0"},
				"west": {"uv": [7.00001, 9.66667, 8.33334, 10.66667], "texture": "#0"},
				"up": {"uv": [6, 8.33334, 7.00001, 9.66667], "rotation": 180, "texture": "#0"},
				"down": {"uv": [7.00001, 8.33334, 8, 9.66667], "texture": "#0"}
			}
		},
		{
			"from": [2.5, 0, 4],
			"to": [10.5, 0, 12],
			"faces": {
				"north": {"uv": [0, 0, 8, 0], "texture": "#missing"},
				"east": {"uv": [0, 0, 8, 0], "texture": "#missing"},
				"south": {"uv": [0, 0, 8, 0], "texture": "#missing"},
				"west": {"uv": [0, 0, 8, 0], "texture": "#missing"},
				"up": {"uv": [3.33333, 10.66666, 6, 13.33333], "rotation": 180, "texture": "#0"},
				"down": {"uv": [3.33333, 10.66666, 6, 13.33333], "rotation": 180, "texture": "#0"}
			}
		}
	],
	"display": {
		"head": {
			"translation": [0, 6.5, 0],
			"scale": [1.6, 1.6, 1.6]
		}
	}
}