{
    "pools": [
        {
            "rolls": 1,
            "entries": [
                {
                    "type": "minecraft:item",
                    "name": "minecraft:clock",
                    "functions": [
                        {
                            "function": "minecraft:set_nbt",
                            "tag": "{CustomModelData:4869001,display:{Name:'{\"translate\":\"cogyo.item.solar_panel\",\"italic\":false}'}}"
                        }
                    ]
                }
            ]
        }
    ]
}