{
    "ambientocclusion": false,
    "textures": {
        "particle": "cogyo:block/speed_hopper/hopper_outside",
        "top": "cogyo:block/speed_hopper/hopper_top",
        "side": "cogyo:block/speed_hopper/hopper_outside",
        "inside": "cogyo:block/speed_hopper/hopper_inside"
    },
    "elements": [
        {   "from": [ 0, 10, 0 ],
            "to": [ 16, 11, 16 ],
            "faces": {
                "down":  { "texture": "#side" },
                "up":    { "texture": "#inside", "cullface": "up" },
                "north": { "texture": "#side", "cullface": "north" },
                "south": { "texture": "#side", "cullface": "south" },
                "west":  { "texture": "#side", "cullface": "west" },
                "east":  { "texture": "#side", "cullface": "east" }
            }
        },
        {   "from": [ 0, 11, 0 ],
            "to": [ 2, 16, 16 ],
            "faces": {
                "up":    { "texture": "#top", "cullface": "up" },
                "north": { "texture": "#side", "cullface": "north" },
                "south": { "texture": "#side", "cullface": "south" },
                "west":  { "texture": "#side", "cullface": "west" },
                "east":  { "texture": "#side", "cullface": "up" }
            }
        },
        {   "from": [ 14, 11, 0 ],
            "to": [ 16, 16, 16 ],
            "faces": {
                "up":    { "texture": "#top", "cullface": "up" },
                "north": { "texture": "#side", "cullface": "north" },
                "south": { "texture": "#side", "cullface": "south" },
                "west":  { "texture": "#side", "cullface": "up" },
                "east":  { "texture": "#side", "cullface": "east" }
            }
        },
        {   "from": [ 2, 11, 0 ],
            "to": [ 14, 16, 2 ],
            "faces": {
                "up":    { "texture": "#top", "cullface": "up" },
                "north": { "texture": "#side", "cullface": "north" },
                "south": { "texture": "#side", "cullface": "up" }
            }
        },
        {   "from": [ 2, 11, 14 ],
            "to": [ 14, 16, 16 ],
            "faces": {
                "up":    { "texture": "#top", "cullface": "up" },
                "north": { "texture": "#side", "cullface": "up" },
                "south": { "texture": "#side", "cullface": "south" }
            }
        },
        {   "from": [ 4, 4, 4 ],
            "to": [ 12, 10, 12 ],
            "faces": {
                "down":  { "texture": "#side" },
                "north": { "texture": "#side" },
                "south": { "texture": "#side" },
                "west":  { "texture": "#side" },
                "east":  { "texture": "#side" }
            }
        },
        {   "from": [ 6, 0, 6 ],
            "to": [ 10, 4, 10 ],
            "faces": {
                "down":  { "texture": "#side", "cullface": "down" },
                "north": { "texture": "#side" },
                "south": { "texture": "#side" },
                "west":  { "texture": "#side" },
                "east":  { "texture": "#side" }
            }
        }
    ],
	"display": {
        	"gui": {
        	    "rotation": [ 30, 225, 0 ],
        	    "translation": [ 0, 0, 0],
        	    "scale":[ 0.625, 0.625, 0.625 ]
        	},
        	"ground": {
        	    "rotation": [ 0, 0, 0 ],
        	    "translation": [ 0, 3, 0],
        	    "scale":[ 0.25, 0.25, 0.25 ]
        	},
        	"fixed": {
        	    "rotation": [ 0, 0, 0 ],
        	    "translation": [ 0, 0, 0],
        	    "scale":[ 0.5, 0.5, 0.5 ]
        	},
        	"thirdperson_righthand": {
        	    "rotation": [ 75, 45, 0 ],
        	    "translation": [ 0, 2.5, 0],
        	    "scale": [ 0.375, 0.375, 0.375 ]
        	},
        	"firstperson_righthand": {
        	    "rotation": [ 0, 45, 0 ],
        	    "translation": [ 0, 0, 0 ],
        	    "scale": [ 0.40, 0.40, 0.40 ]
        	},
        	"firstperson_lefthand": {
        	    "rotation": [ 0, 225, 0 ],
        	    "translation": [ 0, 0, 0 ],
        	    "scale": [ 0.40, 0.40, 0.40 ]
        	},
		"head": {
			"translation": [0, -56.02, 0],
			"scale": [1.601, 1.601, 1.601]
		}
	}
}
