{
  "parent": "cocrafter_recipes:cogyo/cable",
  "display": {
    "icon": {
      "item": "minecraft:clock",
      "nbt": "{CustomModelData:4869001}"
    },
    "title": {
      "translate": "cogyo.item.solar_panel"
    },
    "description": [
      {
        "text": "(x4)\n"
      },
      {
        "font": "cogyo:recipe",
        "color": "white",
        "translate": "\u0002\n\n\n\n\n\n"
      }
    ],
    "frame": "task",
    "show_toast": false,
    "announce_to_chat": false,
    "hidden": false
  },
  "criteria": {
    "get_item": {
      "trigger": "minecraft:impossible"
    }
  }
}