{
	"credit": "Made by ConanOtaku4869!",
	"textures": {
		"0": "cogyo:block/cable_center",
		"particle": "cogyo:block/cable_center"
	},
	"elements": [
		{
			"from": [11, 6, 6],
			"to": [16, 10, 10],
			"rotation": {"angle": 0, "axis": "y", "origin": [19, 13, 2]},
			"faces": {
				"north": {"uv": [2.667, 2.667, 13.333, 13.333], "texture": "#0"},
				"east": {"uv": [2.667, 2.667, 13.333, 13.333], "texture": "#0"},
				"south": {"uv": [2.667, 2.667, 13.333, 13.333], "texture": "#0"},
				"west": {"uv": [2.667, 2.667, 13.333, 13.333], "texture": "#0"},
				"up": {"uv": [2.667, 2.667, 13.333, 13.333], "texture": "#0"},
				"down": {"uv": [2.667, 2.667, 13.333, 13.333], "texture": "#0"}
			}
		}
	],
	"display": {
		"head": {
			"translation": [0, -56.025, 0],
			"scale": [1.601, 1.601, 1.601]
		}
	}
}