{
  "parent": "cocrafter_recipes:cogyo/experience_generator",
  "display": {
    "icon": {
      "item": "minecraft:item_frame",
      "nbt": "{CustomModelData:4869005}"
    },
    "title": {
      "translate": "cogyo.item.storage"
    },
    "description": [
      {
        "font": "cogyo:recipe",
        "color": "white",
        "translate": "\u0007\n\n\n\n\n\n"
      }
    ],
    "frame": "task",
    "show_toast": false,
    "announce_to_chat": false,
    "hidden": false
  },
  "criteria": {
    "get_item": {
      "trigger": "minecraft:impossible"
    }
  }
}