{
    "criteria": {
        "attacked_by_warden": {
            "trigger": "entity_hurt_player",
            "conditions": {
                "damage": {
                    "type": {
                        "source_entity": {
                            "type": "iron_golem",
                            "nbt": "{Tags:[\"wild.warden.golem\"]}"
                        }
                    }
                }
            }
        }
    },
    "rewards": {
        "function": "wild:adv/attacked_by_warden"
    }
}