{
    "criteria": {
        "hold_sculk_sensor": {
            "trigger": "inventory_changed",
            "conditions": {
                "items": [
                    {
                        "items": [
                            "sculk_sensor"
                        ]
                    }
                ],
                "player": {
                    "nbt": "{SelectedItem:{id:\"minecraft:sculk_sensor\",Count:1b}}"
                }
            }
        }
    },
    "rewards": {
        "function": "wild:adv/replace_sculk_sensor"
    }
}