{
    "criteria": {
        "on_sculk_sensor": {
            "trigger": "tick",
            "conditions": {
                "player": {
                    "flags": {
                        "is_sneaking": true
                    },
                    "nbt": "{abilities:{flying:0b}}",
                    "location": {
                        "block": {
                            "blocks": [
                                "sculk_sensor"
                            ],
                            "state": {
                                "sculk_sensor_phase": "inactive",
                                "power": 0
                            }
                        }
                    }
                }
            }
        }
    },
    "rewards": {
        "function": "wild:adv/on_sculk_sensor"
    }
}