{
    "criteria": {
        "using_water_bottle": {
            "trigger": "using_item",
            "conditions": {
                "item": {
                    "items": [
                        "potion"
                    ],
                    "potion": "water"
                },
                "player": {
                    "flags": {
                        "is_sneaking": false
                    }
                }
            }
        }
    },
    "rewards": {
        "function": "wild:adv/use_bottle"
    }
}