{
    "pools": [
        {
            "rolls": 1,
            "entries": [
                {
                    "type": "minecraft:item",
                    "name": "minecraft:item_frame",
                    "functions": [
                        {
                            "function": "minecraft:set_nbt",
                            "tag": "{CustomModelData:4869005,EntityTag:{Silent:1b,Invisible:1b,Tags:[\"put_storage\",\"put_machine\"],Item:{id:\"shulker_box\",tag:{BlockEntityTag:{Items:[{Slot:18b,id:\"shulker_box\",tag:{CustomModelData:4869001,display:{Name:'[{\"translate\":\"cogyo.name.page\",\"italic\":false},{\"text\":\"1\",\"italic\":false}]'}},Count:1b},{Slot:19b,id:\"shulker_box\",tag:{CustomModelData:4869001,display:{Name:'[{\"translate\":\"cogyo.name.page\",\"italic\":false},{\"text\":\"2\",\"italic\":false}]'}},Count:1b},{Slot:20b,id:\"shulker_box\",tag:{CustomModelData:4869001,display:{Name:'[{\"translate\":\"cogyo.name.page\",\"italic\":false},{\"text\":\"3\",\"italic\":false}]'}},Count:1b},{Slot:21b,id:\"shulker_box\",tag:{CustomModelData:4869001,display:{Name:'[{\"translate\":\"cogyo.name.page\",\"italic\":false},{\"text\":\"4\",\"italic\":false}]'}},Count:1b},{Slot:22b,id:\"shulker_box\",tag:{CustomModelData:4869001,display:{Name:'[{\"translate\":\"cogyo.name.page\",\"italic\":false},{\"text\":\"5\",\"italic\":false}]'}},Count:1b},{Slot:23b,id:\"shulker_box\",tag:{CustomModelData:4869001,display:{Name:'[{\"translate\":\"cogyo.name.page\",\"italic\":false},{\"text\":\"6\",\"italic\":false}]'}},Count:1b},{Slot:24b,id:\"shulker_box\",tag:{CustomModelData:4869001,display:{Name:'[{\"translate\":\"cogyo.name.page\",\"italic\":false},{\"text\":\"7\",\"italic\":false}]'}},Count:1b},{Slot:25b,id:\"shulker_box\",tag:{CustomModelData:4869001,display:{Name:'[{\"translate\":\"cogyo.name.page\",\"italic\":false},{\"text\":\"8\",\"italic\":false}]'}},Count:1b},{Slot:26b,id:\"shulker_box\",tag:{CustomModelData:4869001,display:{Name:'[{\"translate\":\"cogyo.name.page\",\"italic\":false},{\"text\":\"9\",\"italic\":false}]'}},Count:1b},]}},Count:1b}},display:{Name:'{\"translate\":\"cogyo.item.storage\",\"italic\":false}'}}"
                        }
                    ]
                }
            ]
        }
    ]
}