{
	"parent": "minecraft:item/generated",
	"textures": {
		"layer0": "minecraft:item/item_frame"
  },
    "overrides": [
		{"predicate": {"custom_model_data": 4869000},"model": "cocrafter:block/coc"},
		{"predicate": {"custom_model_data": 4869001},"model": "cogyo:block/solar_power_generator"},
		{"predicate": {"custom_model_data": 4869002},"model": "cogyo:block/battery"},
		{"predicate": {"custom_model_data": 4869003},"model": "cogyo:block/electric_furnace"},
		{"predicate": {"custom_model_data": 4869004},"model": "cogyo:block/experience_generator"},
		{"predicate": {"custom_model_data": 4869005},"model": "cogyo:block/storage"},
		{"predicate": {"custom_model_data": 4869006},"model": "cogyo:block/speed_hopper/hopper"},
		{"predicate": {"custom_model_data": 4869007},"model": "cogyo:block/automatic_harvester"},
		{"predicate": {"custom_model_data": 4869010},"model": "cogyo:block/coal_generator"},
		{"predicate": {"custom_model_data": 4869011},"model": "cogyo:block/quarry"},
		{"predicate": {"custom_model_data": 4869100},"model": "cogyo:block/cable/center"},
		{"predicate": {"custom_model_data": 4869101},"model": "cogyo:block/cable/1"},
		{"predicate": {"custom_model_data": 4869102},"model": "cogyo:block/cable/2"},
		{"predicate": {"custom_model_data": 4869103},"model": "cogyo:block/cable/3"},
		{"predicate": {"custom_model_data": 4869104},"model": "cogyo:block/cable/4"},
		{"predicate": {"custom_model_data": 4869105},"model": "cogyo:block/cable/5"},
		{"predicate": {"custom_model_data": 4869106},"model": "cogyo:block/cable/6"},
		{"predicate": {"custom_model_data": 4869110},"model": "cogyo:block/pipe/center"},
		{"predicate": {"custom_model_data": 4869111},"model": "cogyo:block/pipe/1"},
		{"predicate": {"custom_model_data": 4869112},"model": "cogyo:block/pipe/2"},
		{"predicate": {"custom_model_data": 4869113},"model": "cogyo:block/pipe/3"},
		{"predicate": {"custom_model_data": 4869114},"model": "cogyo:block/pipe/4"},
		{"predicate": {"custom_model_data": 4869115},"model": "cogyo:block/pipe/5"},
		{"predicate": {"custom_model_data": 4869116},"model": "cogyo:block/pipe/6"},
		{"predicate": {"custom_model_data": 4869200},"model": "cocrafter:item/gui/air"},
		{"predicate": {"custom_model_data": 4869201},"model": "cocrafter:item/gui/arrow"},
		{"predicate": {"custom_model_data": 4869202},"model": "cogyo:block/speed_hopper/hopper_side"}
	]
}