{
	"credit": "Made by ConanOtaku4869!",
	"textures": {
		"0": "cogyo:block/pipe_side",
		"missing": "cogyo:block/missing",
		"particle": "cogyo:block/pipe_side"
	},
	"elements": [
		{
			"from": [6, 0, 6],
			"to": [10, 5, 10],
			"rotation": {"angle": 0, "axis": "y", "origin": [13, 2, 13]},
			"faces": {
				"north": {"uv": [0, 0, 16, 16], "rotation": 90, "texture": "#0"},
				"east": {"uv": [0, 0, 16, 16], "rotation": 90, "texture": "#0"},
				"south": {"uv": [0, 0, 16, 16], "rotation": 90, "texture": "#0"},
				"west": {"uv": [0, 0, 16, 16], "rotation": 90, "texture": "#0"},
				"up": {"uv": [2.667, 2.667, 13.333, 13.333], "texture": "#missing"},
				"down": {"uv": [2.667, 2.667, 13.333, 13.333], "texture": "#missing"}
			}
		}
	],
	"display": {
		"head": {
			"translation": [0, -56.025, 0],
			"scale": [1.601, 1.601, 1.601]
		}
	}
}