{
    "pools": [
        {
            "rolls": 1,
            "entries": [
                {
                    "type": "item",
                    "name": "oak_boat",
                    "functions": [
                        {
                            "function": "set_nbt",
                            "tag": "{CustomModelData:1,display:{Name:'{\"italic\":false,\"translate\":\"wild.item.chest_boat\"}'}}"
                        }
                    ]
                }
            ]
        }
    ]
}