{
    "pools": [
        {
            "rolls": 1,
            "entries": [
                {
                    "type": "item",
                    "name": "glow_item_frame",
                    "functions": [
                        {
                            "function": "set_nbt",
                            "tag": "{CustomModelData:1,display:{Name:'{\"italic\":false,\"translate\":\"block.minecraft.sculk_sensor\"}'},EntityTag:{Silent:1b,Invisible:1b,Invulnerable:1b,Tags:[\"wild.place_block\",\"wild.place_sculk_sensor\"]}}"
                        }
                    ]
                }
            ]
        }
    ]
}