{
    "pools": [
        {
            "rolls": 1,
            "entries": [
                {
                    "type": "item",
                    "name": "tropical_fish_bucket",
                    "functions": [
                        {
                            "function": "set_nbt",
                            "tag": "{HideFlags:32,BucketVariantTag:-4869001,CustomModelData:1,display:{Name:'{\"translate\":\"wild.item.tadpole_bucket\",\"italic\":false}'}}"
                        }
                    ]
                }
            ]
        }
    ]
}