{
    "pools": [
        {
            "rolls": 1,
            "entries": [
                {
                    "type": "item",
                    "name": "axolotl_spawn_egg",
                    "functions": [
                        {
                            "function": "set_nbt",
                            "tag": "{CustomModelData:1,display:{Name:'{\"italic\":false,\"translate\":\"wild.item.warden_spawn_egg\"}'},EntityTag:{id:\"marker\",Silent:1b,Invisible:1b,Tags:[\"wild.summon_entity\",\"wild.summon_warden\"]}}"
                        }
                    ]
                }
            ]
        }
    ]
}