{
	"credit": "Created by ConanOtaku4869",
	"parent": "wild:custom/sculk_soul/0",
	"elements": [
		{
			"from": [0, 0, 8],
			"to": [16, 16, 8],
			"faces": {
				"north": {"uv": [0, 13.0909, 16, 14.5454], "texture": "#0"},
				"east": {"uv": [0, 0, 0, 1], "texture": "#missing"},
				"south": {"uv": [0, 13.0909, 16, 14.5454], "texture": "#0"},
				"west": {"uv": [0, 0, 0, 16], "texture": "#missing"},
				"up": {"uv": [0, 0, 16, 0], "texture": "#missing"},
				"down": {"uv": [0, 0, 16, 0], "texture": "#missing"}
			}
		}
	]
}