{
	"parent": "minecraft:item/template_shulker_box",
	"textures": {
		"particle": "minecraft:block/shulker_box"
  },
    "overrides": [
		{
			"predicate": {
				"custom_model_data": 4869000
			},
			"model": "cogyo:item/page/normal/0"
		},
		{
			"predicate": {
				"custom_model_data": 4869001
			},
			"model": "cogyo:item/page/normal/1"
		},
		{
			"predicate": {
				"custom_model_data": 4869002
			},
			"model": "cogyo:item/page/normal/2"
		},
		{
			"predicate": {
				"custom_model_data": 4869003
			},
			"model": "cogyo:item/page/normal/3"
		},
		{
			"predicate": {
				"custom_model_data": 4869004
			},
			"model": "cogyo:item/page/normal/4"
		},
		{
			"predicate": {
				"custom_model_data": 4869005
			},
			"model": "cogyo:item/page/normal/5"
		},
		{
			"predicate": {
				"custom_model_data": 4869006
			},
			"model": "cogyo:item/page/normal/6"
		},
		{
			"predicate": {
				"custom_model_data": 4869007
			},
			"model": "cogyo:item/page/normal/7"
		},
		{
			"predicate": {
				"custom_model_data": 4869008
			},
			"model": "cogyo:item/page/normal/8"
		},
		{
			"predicate": {
				"custom_model_data": 4869009
			},
			"model": "cogyo:item/page/normal/9"
		},
		{
			"predicate": {
				"custom_model_data": 4869010
			},
			"model": "cogyo:item/page/open/0"
		},
		{
			"predicate": {
				"custom_model_data": 4869011
			},
			"model": "cogyo:item/page/open/1"
		},
		{
			"predicate": {
				"custom_model_data": 4869012
			},
			"model": "cogyo:item/page/open/2"
		},
		{
			"predicate": {
				"custom_model_data": 4869013
			},
			"model": "cogyo:item/page/open/3"
		},
		{
			"predicate": {
				"custom_model_data": 4869014
			},
			"model": "cogyo:item/page/open/4"
		},
		{
			"predicate": {
				"custom_model_data": 4869015
			},
			"model": "cogyo:item/page/open/5"
		},
		{
			"predicate": {
				"custom_model_data": 4869016
			},
			"model": "cogyo:item/page/open/6"
		},
		{
			"predicate": {
				"custom_model_data": 4869017
			},
			"model": "cogyo:item/page/open/7"
		},
		{
			"predicate": {
				"custom_model_data": 4869018
			},
			"model": "cogyo:item/page/open/8"
		},
		{
			"predicate": {
				"custom_model_data": 4869019
			},
			"model": "cogyo:item/page/open/9"
		}
	]
}