{
	"parent": "minecraft:item/generated",
	"textures": {
		"layer0": "minecraft:block/gray_stained_glass"
  },
    "overrides": [
		{"predicate": {"custom_model_data": 4869000},"model": "cocrafter:item/gui/air"},
		{"predicate": {"custom_model_data": 4869001},"model": "cocrafter:item/gui/arrow"},
		{"predicate": {"custom_model_data": 4869002},"model": "cogyo:item/gui/coal_slot"},
		{"predicate": {"custom_model_data": 4869003},"model": "cogyo:item/gui/pickaxe_slot"},
		{"predicate": {"custom_model_data": 4869004},"model": "cogyo:item/gui/nether_star_slot"}
	]
}