{
    "type": "minecraft:chest",
    "pools": [
        {
            "rolls": {
                "type": "minecraft:uniform",
                "min": 2.0,
                "max": 10.0
            },
            "bonus_rolls": 0.0,
            "entries": [
                {
                    "type": "minecraft:item",
                    "weight": 20,
                    "functions": [
                        {
                            "function": "minecraft:set_count",
                            "count": {
                                "type": "minecraft:uniform",
                                "min": 2.0,
                                "max": 7.0
                            },
                            "add": false
                        }
                    ],
                    "name": "minecraft:snowball"
                },
                {
                    "type": "minecraft:item",
                    "weight": 20,
                    "functions": [
                        {
                            "function": "minecraft:set_count",
                            "count": {
                                "type": "minecraft:uniform",
                                "min": 2.0,
                                "max": 7.0
                            },
                            "add": false
                        }
                    ],
                    "name": "minecraft:string"
                },
                {
                    "type": "minecraft:item",
                    "weight": 10,
                    "functions": [
                        {
                            "function": "minecraft:enchant_with_levels",
                            "levels": 30.0,
                            "treasure": true
                        }
                    ],
                    "name": "minecraft:book"
                }
            ]
        }
    ]
}