{
    "pools": [
        {
            "rolls": 1,
            "entries": [
                {
                    "type": "minecraft:item",
                    "name": "minecraft:carrot_on_a_stick",
                    "functions": [
                        {
                            "function": "minecraft:set_nbt",
                            "tag": "{CustomModelData:4869000,display:{Name:'{\"translate\":\"cogyo.item.spanner\",\"italic\":false}'}}"
                        }
                    ]
                }
            ]
        }
    ]
}