{
	"credit": "Made by ConanOtaku4869!",
	"textures": {
		"0": "wild:entity/frog/swamp"
	},
	"elements": [
		{
			"from": [6, 0, -13],
			"to": [10, 0, 8],
			"faces": {
				"north": {"uv": [0, 0, 4, 0], "texture": "#missing"},
				"east": {"uv": [0, 0, 7, 0], "texture": "#missing"},
				"south": {"uv": [0, 0, 4, 0], "texture": "#missing"},
				"west": {"uv": [0, 0, 7, 0], "texture": "#missing"},
				"up": {"uv": [8, 4.33333, 9.33333, 6.66667], "rotation": 180, "texture": "#0"},
				"down": {"uv": [8, 4.33333, 9.33333, 6.66667], "texture": "#0"}
			}
		}
	],
	"display": {
		"head": {
			"translation": [0, 6.35, 0],
			"scale": [1.6, 1.6, 1.6]
		}
	}
}