{
  "parent": "cocrafter_recipes:cogyo/automatic_harvester",
  "display": {
    "icon": {
      "item": "minecraft:carrot_on_a_stick",
      "nbt": "{CustomModelData:4869000}"
    },
    "title": {
      "translate": "cogyo.item.spanner"
    },
    "description": [
      {
        "font": "cogyo:recipe",
        "color": "white",
        "translate": "\u000c\n\n\n\n\n\n"
      }
    ],
    "frame": "task",
    "show_toast": false,
    "announce_to_chat": false,
    "hidden": false
  },
  "criteria": {
    "get_item": {
      "trigger": "minecraft:impossible"
    }
  }
}