{
    "criteria": {
        "cogyo:place_chest": {
            "trigger": "minecraft:placed_block",
            "conditions": {
                "block": "minecraft:chest"
            }
        },
        "cogyo:place_trapped_chest": {
            "trigger": "minecraft:placed_block",
            "conditions": {
                "block": "minecraft:trapped_chest"
            }
        },
        "cogyo:place_barrel": {
            "trigger": "minecraft:placed_block",
            "conditions": {
                "block": "minecraft:barrel"
            }
        }
    },
    "requirements": [
        [
            "cogyo:place_chest",
            "cogyo:place_trapped_chest",
            "cogyo:place_barrel"
        ]
    ],
    "rewards": {
        "function": "cogyo:misc/place_storage/start"
    }
}