{
    "pools": [
        {
            "rolls": 1,
            "entries": [
                {
                    "type": "minecraft:item",
                    "name": "minecraft:gray_stained_glass_pane",
                    "functions": [
                        {
                            "function": "minecraft:set_nbt",
                            "tag": "{CustomModelData:4869002,display:{Name:'\"\"'},cogyo:{icon:1b}}"
                        }
                    ]
                }
            ]
        }
    ]
}