{
    "pools": [
        {
            "rolls": 1,
            "entries": [
                {
                    "type": "minecraft:item",
                    "name": "minecraft:item_frame",
                    "functions": [
                        {
                            "function": "minecraft:set_nbt",
                            "tag": "{CustomModelData:4869004,EntityTag:{Silent:1b,Invisible:1b,Tags:[\"put_experience_generator\",\"put_machine\"]},display:{Name:'{\"translate\":\"cogyo.item.experience_generator\",\"italic\":false}'}}"
                        }
                    ]
                }
            ]
        }
    ]
}