{
	"block.sculk_shrieker.shriek": {
		"sounds": [
			"wild:block/sculk_shrieker/shriek1",
			"wild:block/sculk_shrieker/shriek2",
			"wild:block/sculk_shrieker/shriek3",
			"wild:block/sculk_shrieker/shriek4",
			"wild:block/sculk_shrieker/shriek5"
		],
		"subtitle": "subtitles.block.sculk_shrieker.shriek"
	},
	"entity.warden.wake_up": {
		"sounds": [
			"wild:entity/warden/wake_up"
		],
		"subtitle": "subtitles.entity.warden.wake_up"
	},
	"entity.warden.attack": {
		"sounds": [
			"wild:entity/warden/attack"
		],
		"subtitle": "subtitles.entity.warden.attack"
	},
	"entity.warden.nearby_close": {
		"sounds": [
			"wild:entity/warden/nearby_close1",
			"wild:entity/warden/nearby_close2",
			"wild:entity/warden/nearby_close3",
			"wild:entity/warden/nearby_close4"
		],
		"subtitle": "subtitles.entity.warden.nearby_close"
	},
	"entity.warden.nearby_closer": {
		"sounds": [
			"wild:entity/warden/nearby_closer1",
			"wild:entity/warden/nearby_closer2",
			"wild:entity/warden/nearby_closer3"
		],
		"subtitle": "subtitles.entity.warden.nearby_closer"
	},
	"entity.warden.nearby_closest": {
		"sounds": [
			"wild:entity/warden/nearby_closest1",
			"wild:entity/warden/nearby_closest2",
			"wild:entity/warden/nearby_closest3"
		],
		"subtitle": "subtitles.entity.warden.nearby_closest"
	},
	"entity.warden.slightly_angry": {
		"sounds": [
			"wild:entity/warden/slightly_angry1",
			"wild:entity/warden/slightly_angry2"
		],
		"subtitle": "subtitles.entity.warden.slightly_angry"
	}
}