{
  "variants": {
    "sculk_sensor_phase=active": {
      "model": "minecraft:block/sculk_sensor_active"
    },
    "sculk_sensor_phase=cooldown,power=0": {
      "model": "minecraft:block/sculk_sensor_inactive"
    },
    "sculk_sensor_phase=cooldown,power=1": {
      "model": "wild:block/sculk_shrieker"
    },
    "sculk_sensor_phase=cooldown,power=2": {
      "model": "wild:block/sculk_shrieker"
    },
    "sculk_sensor_phase=cooldown,power=3": {
      "model": "wild:block/sculk_shrieker"
    },
    "sculk_sensor_phase=cooldown,power=4": {
      "model": "wild:block/sculk_shrieker"
    },
    "sculk_sensor_phase=cooldown,power=5": {
      "model": "wild:block/sculk_shrieker"
    },
    "sculk_sensor_phase=cooldown,power=6": {
      "model": "wild:block/sculk_shrieker"
    },
    "sculk_sensor_phase=cooldown,power=7": {
      "model": "wild:block/sculk_shrieker"
    },
    "sculk_sensor_phase=cooldown,power=8": {
      "model": "wild:block/sculk_shrieker"
    },
    "sculk_sensor_phase=cooldown,power=9": {
      "model": "wild:block/sculk_shrieker"
    },
    "sculk_sensor_phase=cooldown,power=10": {
      "model": "wild:block/sculk_shrieker"
    },
    "sculk_sensor_phase=cooldown,power=11": {
      "model": "wild:block/sculk_shrieker"
    },
    "sculk_sensor_phase=cooldown,power=12": {
      "model": "wild:block/sculk_shrieker"
    },
    "sculk_sensor_phase=cooldown,power=13": {
      "model": "wild:block/sculk_shrieker"
    },
    "sculk_sensor_phase=cooldown,power=14": {
      "model": "wild:block/sculk_shrieker"
    },
    "sculk_sensor_phase=cooldown,power=15": {
      "model": "wild:block/sculk_shrieker"
    },

    "sculk_sensor_phase=inactive,power=0": {
      "model": "minecraft:block/sculk_sensor_inactive"
    },
    "sculk_sensor_phase=inactive,power=1": {
      "model": "wild:block/sculk_shrieker"
    },
    "sculk_sensor_phase=inactive,power=2": {
      "model": "wild:block/sculk_shrieker"
    },
    "sculk_sensor_phase=inactive,power=3": {
      "model": "wild:block/sculk_shrieker"
    },
    "sculk_sensor_phase=inactive,power=4": {
      "model": "wild:block/sculk_shrieker"
    },
    "sculk_sensor_phase=inactive,power=5": {
      "model": "wild:block/sculk_shrieker"
    },
    "sculk_sensor_phase=inactive,power=6": {
      "model": "wild:block/sculk_shrieker"
    },
    "sculk_sensor_phase=inactive,power=7": {
      "model": "wild:block/sculk_shrieker"
    },
    "sculk_sensor_phase=inactive,power=8": {
      "model": "wild:block/sculk_shrieker"
    },
    "sculk_sensor_phase=inactive,power=9": {
      "model": "wild:block/sculk_shrieker"
    },
    "sculk_sensor_phase=inactive,power=10": {
      "model": "wild:block/sculk_shrieker"
    },
    "sculk_sensor_phase=inactive,power=11": {
      "model": "wild:block/sculk_shrieker"
    },
    "sculk_sensor_phase=inactive,power=12": {
      "model": "wild:block/sculk_shrieker"
    },
    "sculk_sensor_phase=inactive,power=13": {
      "model": "wild:block/sculk_shrieker"
    },
    "sculk_sensor_phase=inactive,power=14": {
      "model": "wild:block/sculk_shrieker"
    },
    "sculk_sensor_phase=inactive,power=15": {
      "model": "wild:block/sculk_shrieker"
    }
  }
}