{
	"credit": "Made by ConanOtaku4869!",
	"textures": {
		"0": "wild:entity/tadpole/normal",
		"particle": "wild:entity/tadpole/normal"
	},
	"elements": [
		{
			"from": [6.5, 0, 6],
			"to": [9.5, 2, 9],
			"faces": {
				"north": {"uv": [2.4, 9.6, 4.8, 16], "texture": "#0"},
				"east": {"uv": [0, 9.6, 2.4, 16], "texture": "#0"},
				"south": {"uv": [7.2, 9.6, 9.6, 16], "texture": "#0"},
				"west": {"uv": [4.8, 9.6, 7.2, 16], "texture": "#0"},
				"up": {"uv": [2.4, 0, 4.8, 9.6], "rotation": 180, "texture": "#0"},
				"down": {"uv": [4.8, 0, 7.2, 9.6], "texture": "#0"}
			}
		}
	],
	"display": {
		"head": {
			"translation": [0, -30.5, 0],
			"scale": [1.6, 1.6, 1.6]
		}
	}
}