{
	"credit": "Made by ConanOtaku4869!",
	"textures": {
		"0": "wild:entity/tadpole/normal",
		"particle": "wild:entity/tadpole/normal"
	},
	"elements": [
		{
			"from": [8, 0, 9],
			"to": [8, 2, 17],
			"faces": {
				"north": {"uv": [0, 0, 0, 2], "texture": "#missing"},
				"east": {"uv": [9.6, 6.4, 16, 12.8], "texture": "#0"},
				"south": {"uv": [0, 0, 0, 2], "texture": "#missing"},
				"west": {"uv": [9.6, 0, 16, 6.4], "texture": "#0"},
				"up": {"uv": [0, 0, 0, 8], "texture": "#missing"},
				"down": {"uv": [0, 0, 0, 8], "texture": "#missing"}
			}
		}
	],
	"display": {
		"head": {
			"translation": [0, -30.5, 0],
			"scale": [1.6, 1.6, 1.6]
		}
	}
}