{
    "parent": "cocrafter_recipes:root",
    "display": {
      "icon": {
        "item": "minecraft:item_frame",
        "nbt": "{CustomModelData:4869001}"
      },
      "title": {
        "text": "COGYO"
      },
      "description": [
        {
          "translate": "cogyo.version.rp"
        }
      ],
      "frame": "task",
      "show_toast": false,
      "announce_to_chat": false,
      "hidden": false
    },
    "criteria": {
      "get_item": {
        "trigger": "minecraft:impossible"
      }
    }
  }