{
	"credit": "Created by ConanOtaku4869",
	"texture_size": [128, 64],
	"textures": {
		"0": "wild:entity/warden/warden",
		"particle": "wild:entity/warden/warden"
	},
	"elements": [
		{
			"from": [4, 0, 4],
			"to": [12, 28, 12],
			"faces": {
				"north": {"uv": [13.5, 2, 14.5, 9], "texture": "#0"},
				"east": {"uv": [12.5, 2, 13.5, 9], "texture": "#0"},
				"south": {"uv": [11.5, 2, 12.5, 9], "texture": "#0"},
				"west": {"uv": [10.5, 2, 11.5, 9], "texture": "#0"},
				"up": {"uv": [11.5, 0, 12.5, 2], "texture": "#0"},
				"down": {"uv": [12.5, 0, 13.5, 2], "rotation": 180, "texture": "#0"}
			}
		}
	],
	"display": {
		"head": {
			"rotation": [0, -180, 0],
			"translation": [0, -38.4, 0],
			"scale": [1.6, 1.6, 1.6]
		}
	}
}