{
	"credit": "Created by ConanOtaku4869",
	"texture_size": [128, 64],
	"textures": {
		"0": "wild:entity/warden/warden",
		"particle": "wild:entity/warden/warden"
	},
	"elements": [
		{
			"from": [4, 0, 4],
			"to": [12, 28, 12],
			"faces": {
				"north": {"uv": [9.5, 2, 10.5, 9], "texture": "#0"},
				"east": {"uv": [8.5, 2, 9.5, 9], "texture": "#0"},
				"south": {"uv": [7.5, 2, 8.5, 9], "texture": "#0"},
				"west": {"uv": [6.5, 2, 7.5, 9], "texture": "#0"},
				"up": {"uv": [7.5, 0, 8.5, 2], "texture": "#0"},
				"down": {"uv": [8.5, 0, 9.5, 2], "rotation": 180, "texture": "#0"}
			}
		}
	],
	"display": {
		"head": {
			"rotation": [0, -180, 0],
			"translation": [0, -38.4, 0],
			"scale": [1.6, 1.6, 1.6]
		}
	}
}