{
	"credit": "Created by ConanOtaku4869",
	"texture_size": [128, 64],
	"textures": {
		"0": "wild:entity/warden/warden",
		"particle": "wild:entity/warden/warden"
	},
	"elements": [
		{
			"from": [-1, 0, 2.5],
			"to": [17, 21, 13.5],
			"faces": {
				"north": {"uv": [5, 9.25, 7.25, 14.5], "texture": "#0"},
				"east": {"uv": [3.625, 9.25, 5, 14.5], "texture": "#0"},
				"south": {"uv": [1.375, 9.25, 3.625, 14.5], "texture": "#0"},
				"west": {"uv": [0, 9.25, 1.375, 14.5], "texture": "#0"},
				"up": {"uv": [1.375, 6.5, 3.625, 9.25], "texture": "#0"},
				"down": {"uv": [3.625, 6.5, 5.875, 9.25], "rotation": 180, "texture": "#0"}
			}
		}
	],
	"display": {
		"head": {
			"rotation": [0, -180, 0],
			"translation": [0, 6.25, 0],
			"scale": [1.6, 1.6, 1.6]
		}
	}
}