{
	"credit": "Created by ConanOtaku4869",
	"texture_size": [128, 64],
	"textures": {
		"0": "wild:entity/warden/warden",
		"particle": "wild:entity/warden/warden"
	},
	"elements": [
		{
			"from": [0, 0, 3],
			"to": [16, 16, 13],
			"faces": {
				"north": {"uv": [4.5, 2.5, 6.5, 6.5], "texture": "#0"},
				"east": {"uv": [3.25, 2.5, 4.5, 6.5], "texture": "#0"},
				"south": {"uv": [1.25, 2.5, 3.25, 6.5], "texture": "#0"},
				"west": {"uv": [0, 2.5, 1.25, 6.5], "texture": "#0"},
				"up": {"uv": [1.25, 0, 3.25, 2.5], "texture": "#0"},
				"down": {"uv": [3.25, 0, 5.25, 2.5], "rotation": 180, "texture": "#0"}
			}
		},
		{
			"from": [16, 9, 8],
			"to": [26, 19, 8],
			"faces": {
				"north": {"uv": [14.5, 11.5, 13.25, 14], "texture": "#0"},
				"east": {"uv": [0, 0, 0, 2.25], "texture": "#missing"},
				"south": {"uv": [13.25, 11.5, 14.5, 14], "texture": "#0"},
				"west": {"uv": [0, 0, 0, 2.25], "texture": "#missing"},
				"up": {"uv": [0, 0, 1, 0], "texture": "#missing"},
				"down": {"uv": [0, 0, 1, 0], "texture": "#missing"}
			}
		},
		{
			"from": [-10, 9, 8],
			"to": [0, 19, 8],
			"faces": {
				"north": {"uv": [14.5, 9, 13.25, 11.5], "texture": "#0"},
				"east": {"uv": [0, 0, 0, 2.25], "texture": "#missing"},
				"south": {"uv": [13.25, 9, 14.5, 11.5], "texture": "#0"},
				"west": {"uv": [0, 0, 0, 2.25], "texture": "#missing"},
				"up": {"uv": [0, 0, 1, 0], "texture": "#missing"},
				"down": {"uv": [0, 0, 1, 0], "texture": "#missing"}
			}
		}
	],
	"display": {
		"head": {
			"rotation": [0, -180, 0],
			"translation": [0, 6.25, 0],
			"scale": [1.6, 1.6, 1.6]
		}
	}
}