{
	"credit": "Created by ConanOtaku4869",
	"texture_size": [128, 64],
	"textures": {
		"0": "wild:entity/warden/warden",
		"particle": "wild:entity/warden/warden"
	},
	"elements": [
		{
			"from": [5, 0, 5],
			"to": [11, 13, 11],
			"faces": {
				"north": {"uv": [12.5, 10.5, 13.25, 13.75], "texture": "#0"},
				"east": {"uv": [11.75, 10.5, 12.5, 13.75], "texture": "#0"},
				"south": {"uv": [11, 10.5, 11.75, 13.75], "texture": "#0"},
				"west": {"uv": [10.25, 10.5, 11, 13.75], "texture": "#0"},
				"up": {"uv": [11, 9, 11.75, 10.5], "texture": "#0"},
				"down": {"uv": [11.75, 9, 12.5, 10.5], "rotation": 180, "texture": "#0"}
			}
		}
	],
	"display": {
		"head": {
			"rotation": [0, -180, 0],
			"translation": [0, -14.4, 0],
			"scale": [1.6, 1.6, 1.6]
		}
	}
}